{"cameraMode":{"drawMode":0,"name":"Shaded","section":"Shading Mode"},"sceneLighting":true,"audioPlay":false,"sceneViewState":{"showFog":true,"showMaterialUpdate":false,"showSkybox":true,"showFlares":true,"showImageEffects":true,"showParticleSystems":true},"in2DMode":false,"pivot":{"x":-10.00472640991211,"y":1.1989657878875733,"z":-2.019510269165039},"rotation":{"x":-0.11772733926773071,"y":0.6204944849014282,"z":-0.09492664039134979,"w":-0.7695186734199524},"size":20.81744384765625,"orthographic":false}